title,label
Top 10 Fastest HatTricks Of 2017,study
TRAILER 7,non-study
THE TOP 9 KETO MISTAKES That Sabotage Your Results,non-study
Family Dinner Ideas  July 29 Aug  3 2014,non-study
Ask The MachineTigerFitnesscom Email 8 Thoughts On Mike Mentzer Heavy Duty Training,study
One Note Samba chord melody arrangement,non-study
Buying a Suit with Pro Bodybuilder Marc Lobliner  Tiger Fitness,non-study
Ask The MachineTigerFitnesscomMachine Training Solutions Dymatize Recoupe vs Scivation Xtend,study
Grupo Cal No puedo ms en Tu Casa Tv,non-study
Peak O2 Ultimate Dosing and Use Guide  Tiger Fitness,study
1.11E+69,non-study
test drive Honda Forza 300,study
Gaspari Nutrition Glycofuse Review  Carb Supplement Review  Tiger Fitness,non-study
Cardio Confessions 55Isolation Versus Compound Movements WITH VANN and Update Back Pics,non-study
PES 2019 Realistic   Manchester Unied vs Arsenal   EPL 5122018  PC Gameplay  Fujimarupes,non-study
MAGIX Movie Edit Pro  Optimise performance Tutorial 2019,study
MAGIX Fotos en CD  DVD 7 espaol,non-study
Dead by Daylight  2900      ,non-study
Training Intensity for Diet vs Bulk and Opinion on Drop Sets and Failure Sets  Tiger Fitness,study
TESTING REAL vs FAKE Makeup from Ebay ,study
Tutorial MAGIX Xtreme Foto  Grafik Designer 2 Part 23  Fotobearbeitung und mehr ,study
Heritage Groove Master with Rich Seversonguitarcollegecom,study
most convincing false vegas shuffle Tutorial,study
Gainz Tour California Training Highlights with Doug Miller Sean Torbati and Marc Lobliner,study
Tutorial MAGIX 3D Maker Part 33  berschriften und Titel in 3D,study
Fighting for practice time  VLOG 144,study
Aquarius 1st15th February 2018  You have superpower Fcking use it Aquarius,non-study
THE DUFF  I WAS A DUFF  HD,non-study
1.11E+99,non-study
7 Editing before inserting into timeline  Adobe Premiere Pro tutorial,study
Bible Lesson Is it the End of the World We shall see Spiritual Food,study
Surprise Live show Q  A,non-study
FOR HONOR  Berserker Basic To Advanced Full TutorialGuide,study
FIRST DAY of COLLEGE Vlog,study
MAGIX Video Pro X  Lookup tables tutorial INT,study
Dead by Daylight  760      360  ,non-study
Create hover effects in CSS  Learn HTML frontend programming,study
Clarity feat Dave East  Bino Rideaux,non-study
Photography Tutorials How to shoot long exposures with no filters,study
Experimental  Cantonese language  2017 Honda BRV Malaysia ,study
How To Create A Login System In PHP For Beginners  Procedural MySQLi  2018 PHP Tutorial  mmtuts,study
Mortal Kombat 11 Stress Test Genickus vs Abood85,study
Dnde es I Paque Fundodora I Brenda Cataln,non-study
Chest Training with IFPA Pro Kent Bierly  Tiger Fitness,study
My Motivation to Keep Training and Dieting HARDCORE  Tiger Fitness,study
REVIEW Comply T500 SOLUTION to jaybird bluebuds X ISSUE,non-study
NJIE  ETHNIKOLOR  Mazouk Ethnie,non-study
School Lunch Ideas,study
FREE Kodak Black Type Beat Envy Ft JayDaYoungan,non-study
Cardio Confessions  Amino Spiking Ryan Doris POGs New PreWorkout My Training Split,study
Leo Tarot Reading May 2016 Love Triangle Situations,non-study
Part 2 Applying Volvo Design Language Into Luxury Home  aurizncom,study
8 How To Create Static Methods In C  Static Method  C Tutorial For Beginners  C Sharp Tutorial,study
For Honor  The Complete Peacekeeper Rework Basic To Advanced GuideTutorial Make Them Bleed,study
5 How to validate a form using AJAX  Learn AJAX programming,study
Madison,non-study
Back to School  Simple  Easy Everyday Makeup Tutorial,study
Arm Training Two Days Out  Tiger Fitness,study
Se Respira El Miedo  Maximo Grado Ft Martin Marquez  MG Corporation 2017,non-study
Sweet Spreads CocoNutter on Raisin Ezekiel Bread Taste Test with Thomas  Tiger Fitness,study
Darwin Project     ,study
Tutorial Intelligent Scaling in Xara Designer Pro ENG,study
MIDDLE SCHOOL The Worst Years of My Life  Official Movie Trailer HD,study
Maqullate como Ximena Navarrete con Vico Guadarrama,non-study
Diy Valentines Day Gift Ideas  Great For BoyGirlfriend  Friends Affordable and Easy,non-study
Honda Scooters 2017,non-study
Card Making and Paper Crafting How To Watercolor Stamping,non-study
Ask The MachineTigerFitnesscomMachine Training Solutions  Overtraining Legs  Tiger Fitness,study
Whited Out awakening Testimony of a close friend and Brother,study
Ask The MachineTigerFitnesscomMachine Training Solutions  Grip Strength  Tiger Fitness,study
Core Nutritionals Core Test Review With Before and After Blood Work  Tiger Fitness,study
TESTING JEFFREE STAR MAGIC STAR CONCEALER  POWDER  late to the party again,study
15 Habits That Separate The Wealthy From The Poor  Tiger Fitness,non-study
Lab Test Proves Insurgent Doubles Testosterone In Under 4 Weeks  Tiger Fitness,study
I Design A Webpage In Less Than 1 Hour  Web Design Challenge  Web Design Guide  mmtuts,study
iOS 933 Released  All you need to know,non-study
Weekly School Lunch Ideas  January 13 2018,study
Ask The MachineTigerFitnesscomMachine Training Solutions  Pre and Post Cardio Supplements,study
QUICK TWIST HAIR BRAID Review  Demo TESTED,study
STAMPtember 2019 Collaboration Concord  9th,non-study
HOW TO EASILY CONNECT A CONTROLLER TO THE PC  Better DS3 Tutorial,study
Ask The MachineTigerFitnesscomMachine Training Solutions  Alpha Yohimbine vs Yohimbine,study
USP Labs Test Powder Review  Testosterone Booster Reviews And Log  Tiger Fitness,study
Training Through Adversity Leads to Greatness  Tiger Fitness,study
Crossout Tutorials  Part 2  Creating Parts,study
190825 SBS Inkigayo  Rocket Punch  BIM BAM BUM,non-study
Heavy People Should NOT Do HIIT Cardio,non-study
The Endtime has come you better learn how to worship YAH Its getting close,study
Pisces 15th30th September 2019  Lessons from the Past Pisces be woke now healingforlove,study
How Long Can You Take off Training and Not LOSE Gains  Tiger Fitness,study
Overtraining in Bodybuilding is NOT What You Think it is  Tiger Fitness,study
School Lunch Prep,study
Alan Walker Tired neutral Remix,non-study
Knee Jerk Jazz Guitar Licks 1318 Lesson Demo,study
Red Dead Redemption 2  Battle Royale Fort Takeover Teddy Brown Ending Red Dead Online,non-study
Bombshell study shows aspartame depletes neurotransmitters in the brain makes brains vulnerable to,study
Tutorial MAGIX Video deluxe 16  Intelligente muismodus NL,study
Horscopos martes 14 mayo con Nana Calistar,non-study
150303 190525 SBSMTV LIVE4U THE SHOW H264  FIESTAR  Youre Pitiful,non-study
Video deluxe 2016  Reiseroutenanimationen Tutorial DE,study
Im a mess  Gachaverse,non-study
Does Training Style Effect How You Look  Tiger Fitness,study
STAR WARS,non-study
Steve Void  Rooms,non-study
Video deluxe 2016  Einfhrungsvideo Tutorial DE,study
Baja de peso y reafirma tu cuerpo en 54 das,non-study
Pro Bodybuilder Marc Lobliner Runs 52 Mile BattleFrog Obstacle Course Race  Tiger Fitness,study
Dead by Daylight  3600      ,non-study
COMPLETE NEW NIGHTCLUB PC TUTORIAL IN DEPTH EXPLANATION OF NEW HIRES AND CLUB POPULARITY GTA V 144,study
Quick Tip  Ideas for Embossed Cardstock,non-study
 10             Bridal mehndi design for full hands,non-study
Jazz Aces Card Trick Tutorial  Card Tricks Revealed,study
TESTING REAL VS FAKE Huda Beauty Desert Dusk Palette,study
SoulCalibur VI Strategy Guide Geralt RUS,study
Alejandra Guzmn lo hace de nuevo y le baja el galn a su hija,non-study
Bible Study Work Book Torah and Beyond  Organize your studies with TABS,study
4 Learn to Create Titles and Text Using HTML  Learn HTML and CSS  HTML Tutorial,study
Gainzasaurus Hits the Bottom of the Barrel  Tiger Fitness,non-study
QUICK TWIST HAIR BRAID Review  Demo TESTED,study
BORDERLANDS 2 FULL DLCS XBOX 360 RGH,non-study
MAGIX Samplitude Music Studio 2016  Editing tutorial INT,study
8 Introduction to Classes and IDs in HTML  Learn HTML and CSS  HTML Tutorial,study
11 Get User Input In C  Preparing You For Project  C Tutorial For Beginners  C Sharp Tutorial,study
THE ULTIMATE GUIDE TO THE PALEO DIET,study
13 How to Create a Menu in HTML  Learn HTML and CSS  HTML Tutorial  CSS Tutorial,study
Matilda the Musical on Children in Need 2013  BBC HD,non-study
Anti Black Semitism vs Anti Semitism,non-study
Unboxing 29 G Project,study
PATCHED OBTAIN ANY COLOR JOGGERS DM DIRECTOR MODE GLITCH XBOX1PS4 GTA 5 ONLINE 145,non-study
BMW 330i G20 City Driving Test  Evomalaysiacom,study
Card Making and Paper Crafting How To Stamp Inking,non-study
Mortal Kombat 11 Strategy Guide ver0117 Mechanics,study
HTML how to create a table  Learn HTML frontend programming,study
Ask The MachineTigerFitnesscomMachine Training Solutions  Alpha Yohimbine vs Yohimbine,study
VPO10 Training  Shoulders and Upper Body During Ironclad Grand Opening  Tiger Fitness,study
Ask The MachineTigerFitnesscomMachine Training Solutions  Carb Cycling  Tiger Fitness,study
Training Around Shoulder Arthritis  Tiger Fitness,study
Shoulder Training ORGY at CLUB REPS with My Boys  Tiger Fitness,study
Bible Lesson Is it the End of the World We shall see Spiritual Food,study
WWE 2K15  2K Showcase  Hustle Loyalty Disrespect Full Walkthrough  Ending,non-study
Interview with The Founders of Ahayah Academy in Georgia  Facility  Homeschool Options,study
COMO ACTIVAR MODO ZOMBIE GTA V XBOX 360  RGH,non-study
           Easy mehndi design for New Year 2019,non-study
Capricorn 1st15th June 2018  Give More Get more Capricorn,non-study
School Lunch Ideas,study
Photostory easy INT  Slideshow maker,non-study
Pro Bodybuilder HUGE Chest Training  Tiger Fitness,study
Blacc Ice Freestyle,non-study
SOUND FORGE Pro 12  Digitize vinyl and restore recordings Tutorial 2019,study
Tu primera vez con la sexloga Alexa Arcadia,non-study
42 How to Display Error Messages Using PHP  PHP Tutorial  Learn PHP Programming,study
Leo Mercury Retrograde September 17th October 9th Special edition,non-study
PreWorkout Stack For Tonights Hamstring Training and Travel Supplements  Tiger Fitness,study
Bridge Over Troubled Waters Fingerstyle Guitar Arrangement Lesson Demo,study
Disco En Vivo Con Banda 2019 Christian Felix y Su Maximo Grado,non-study
MAGIX Movie Edit Pro 2016 Premium  Introductory video tutorial INT,study
Lick Of The Day January 6th with Rich Severson,non-study
RECAP MESSAGE Tribulation worketh Patience Learning how to wait on Yahuwah,study
Crossout Show Pack of Hounds,non-study
Pisces Tarot Scope December 2014,non-study
REmIx 2019Song Of Tik TokBrEaK MuSicClUB ThAi BeK SLoyMrR RayuthCHOLCHET REMIX3Mrr DomMr Sh,non-study
Tipos de Orgasmos Femeninos con Alexa Arcadia,non-study
715 Holy Priest Savior Talent BuildGuide Legion No One Shall Die World Of Warcraft,study
Gemini 15th31st July 2018  Gems Its fking War with yourself or with others apply caution ,non-study
X Ambassadors  Jungle Project Almanac ft Jamie N Commons,study
PATCHED MODDED OUTFIT USING CLOTHING GLITCHES GTA V ONLINEGTA V ONLINE OUTFIT GLITCH TUTORIAL,study
Book of Enoch Woman testifies of intimate encounters with demons and wants their children,study
Ask The MachineTigerFitnesscomMachine Training Solutions When to take MTS Drop Factor,study
FAILURE TRAINING Heavy Back with Clay4Pay and Omega Sports and a SICK DEAL  Tiger Fitness,study
13week old betta fry,non-study
Big Back for an Even BIGGER New Year  Back Training with the PRObliners  Tiger Fitness,study
Cardio Confessions 115Weight Training Two Times Per Day Good or Bad  Tiger Fitness,study
Latest Awesome Mehndi Design for Hands  Professional Mehndi Design  mehndi designs,study
MAGIX Samplitude Music Studio 2016  Mixing tutorial INT,study
Penny Slider Lawn Fawn Spring Card by Kelly Marie Alvarez,non-study
JENN MOREL  Ponteme  Official Video,non-study
Marc Lobliner Leg Training Dorian Yates Style Beyond Failure  Tiger Fitness,study
Annie OC TWD promo,non-study
YAMAHA XMAX 300  Best test drive video,study
12 Tribes IBRI  Hebrew Calendar 2018 with Feast Days  set apart days Very Educational,study
DNP and Fat Loss  Cooking Yourself From the Inside Out  Tiger Fitness,non-study
X Ambassadors  Unsteady Wounded Warrior Project,study
Four On Six  Melody and Improv Insights  lesson demo,study
HOW TO IMPROVE VIDEO QUALITY  Logitech HD Webcam C920  Tutorial,study
10 Ways to Ink Resist,non-study
Can I Still Compete,non-study
        duck farm,non-study
For Honor  Random Ranked Mode RewardsEnough Is Enough,non-study
THE REAL KIM POSSIBLE,non-study
Mordhau  LEARN To Wear Helmets People,study
Girl from Ipanema jazz guitar solo lesson demo,study
MY OLD PROJECTS I FOUND THEM  Web Developer Shows His Old Projects  mmtuts,study
Amazing Money Trick Tutorial  Magic Tricks Revealed,study
18 What Is a Do While Loop in PHP  PHP Tutorial  Learn PHP Programming  PHP for Beginners,study
FREE Lud Foe Type Beat Money Calling,non-study
The Darwin Project        1,study
Extreme Hunger After Training  Tiger Fitness,study
TESTING MAGNETIC EYELASHES,study
RA scooters 2019,non-study
School Lunches breakfast and snacks  9 25 15,study
OCR Training Update 2  Tiger Fitness,study
Training for Tall MotherFckers  Tiger Fitness,study
Virgo Tarot Scope October 2014,non-study
   Stress Test,study
Frozen,non-study
The Three Best Ideas I Ever Had  Marc Lobliner Lectures at the IRCE 2015  Tiger Fitness,study
1 How to Get Started With  jQuery Tutorial  Learn jQuery  jQuery Tutorial For Beginners,study
iOS vs Android,non-study
Forza 6 Showcase 2015 Camaro Z28,non-study
Santa Barbara Camping Rancho Oso RV Park,non-study
35 Show Input Password Using JavaScript  JavaScript Tutorial  Learn JavaScript,study
Peugeot Vogue 103 driving around  ,non-study
9 How To Create Arrays In C  C Array Tutorial  C Tutorial For Beginners  C Sharp Tutorial,study
DJ Zen  Patrick Bernard  ECLIPSE Festival Resonance 2017,non-study
MTS Nutrition NOW at Predator Nutrition in the UK  Tiger Fitness,non-study
ASMR Japanese Candy  Products not satisfying in the slightest but trying my best,study
POTWD S4 teaser,non-study
ErronBlet TOP8 Winners SelloVen Sonya  Sakron Kitana,non-study
Top 10 Fastest HatTricks Of 2017,study
Seven Psychopaths  Once Upon A Time,non-study
Photography Tutorials Selective Sharpening in Photoshop CC,study
MEME REVIEW  Meme First Time Reaction  Programming Memes  mmtuts,study
Kim Kettlebell Training  Tiger Fitness,study
I think ive created something crazy,non-study
Hardcore Basement Back Training  Home Gym Back Workout  Tiger Fitness,study
28 Select HTML Elements Using JavaScript  Document Object Model Tutorial  JavaScript Tutorial,study
Yah shall remember his mercy toward Yisrael,non-study
TRUST YOUR PROTEIN The TigerTested Program is Back with FULL AMINO TESTING  Tiger Fitness,study
Instinctive vs Programmed Training  Tiger Fitness,study
1 Introduction to Premiere  Adobe Premiere Pro Tutorial  Learn Premiere Pro,study
600 Rep Arm Training on Vacation in The Wisconsin Dells with Subscriber Travis  Tiger Fitness,study
16 HOT COUNTRY LICKS VIDEO LESSON,study
Trying To PrePoo Dry Natural Hair Ft Oyin Handmade Honey Hemp,non-study
12 Scope Resolution Operators in OOP PHP  Object Oriented PHP Tutorial  PHP Tutorial  mmtuts,study
Greatest High Protein Low Carb Cheesecake Ever  Tiger Fitness,study
KYMCO People scooter tall rider test ,study
My REAL View on Optimal Training Inspired by Ian  Tiger Fitness,study
Diminished Scales Lesson Demowmv,study
Last Vegas  Morgan Freeman,non-study
Taurus 15th31st March 2019  Your patience is being tested Taurus be careful how you handle this,study
26 Are You Done Learning HTML  CSS  Learn HTML and CSS  HTML Tutorial  CSS Tutorial,study
Ask the Machine  Get Gains or Get Girls in College  Tiger Fitness,study
Training with Ronnie Coleman Chris JonesPOG Big J Vann and the Europa Schedule MEET US,study
New Mehndi Trick For Back Hands  Latest Mehndi Designs      ,study
Daily Update and 13 Off MuscleTech Anotest  Tiger Fitness,study
Ask The MachineTigerFitnesscomMachine Training Solutions  Not Able To Gain WeightBS,study
Grinding All My Life,non-study
Powder Orange Isopods,non-study
Los de Abajo tiunfan en AlcanzaElTimbre,non-study
6 How to make slide effects in jQuery  Learn jQuery frontend programming,study
Chest Training in The Wisconsin Dells on Vacation with Subscriber Travis  Tiger Fitness,study
Paradigm Performance CenterThe Best Elite Training Center in the Midwest  Dr Stus Corner,study
Joel Adams  Please Dont Go Ray Uscata Remix,non-study
AOA  Short Hair 141006 KBS W 2014 Gyeonggi the 49th National Skills Competition,non-study
Mortal Kombat X Strategy Guide Part 2 Reptile,study
MAGIX Photostory 2014 Deluxe FR  Diaporama,non-study
MAGIX Movie Edit Pro Premium  For ambitious video projects,study
Ask The MachineTigerFitnesscomMachine Training Solutions Advice for a 55 Year Old Bodybuilder,study
HOW TO MAKE CEVICHE My Spanish Class Video Project,study
Ask The MachineTigerFitnesscomMachine Training Solutions How Many Sets for a Teenager,study
1       minecraft  dms,non-study
Whole Eggs and Cholesterol  Tiger Fitness,non-study
For Honor  Gladiator Basic To Advanced Full GuideTutorial,study
Tutorial MAGIX Video deluxe 16  3D titels NL,study
Betta Breeding Project week 1 to week 14,study
How Lean You Can Get For A Contest While Maintaining Health And Muscle  Tiger Fitness,study
One Bar Sells For 397 Million,non-study
Darwin Project    ,study
Cardio Confessions 40Recreational Drug WARNING and the HARSH Realities of Contest Prep,study
MAGIX Movie Edit Pro 2016  Audio Dubbing tutorial INT,study
34 How To Prevent Default Events In JavaScript  JavaScript Events  JavaScript Tutorial  mmtuts,study
Arnold Classic Saturday Highlights  Tiger Fitness,non-study
The Greatest PreWorkout Stack I Have Ever Used  Tiger Fitness,study
Are we Egyptologist,non-study
Mr Sandman  Mr Santa  Fingerstyle Guitar  Lesson Demo,study
Dead by Daylight  1600        360,non-study
How High The Moon Comping Lesson Demo,study
Latest Flower Jewellery tattoo mehndi design 2019  Stylish Heena Mehndi Designs,study
Examining VACCINE Ingredients Part IV   BC GLUTARALDEHYDE,study
Muscletech Anabolic Halo Live PostWorkout Review  Tiger Fitness,non-study
Change user comment in database using PHP  PHP tutorial,study
School Lunches and Snacks,study
The Best Math Card Trick  Card Tricks Revealed,study
EvoMalaysia com  2017 Toyota Land Cruiser Prado Full In Depth Review,non-study
Squat Daily  Rationalizing Squatting Daily,non-study
1010                Stylish mandala Mehndi,non-study
3 Weeks Out STYRATED Chest Delt and Tricep Day with BFR Training  Tiger Fitness,study
School Lunch Ideas  Food Prep Style  April 11 2018,study
Wildlife Photography Tutorial How To Photograph Small Birds,study
Leg Training at the Olympia with Sean Torbati and Evan from TigerFitnesscom  Tiger Fitness,study
For Honor  Gladiator Gameplay Blood Tears  Sand,non-study
Mortal Kombat 11 Strategy Guide Part 1 Baraka,study
TESTING MAGNETIC EYELASHES,study
MAGIX Movie Edit Pro 2016  Import tutorial INT,study
Jazz Improv Lesson with Rich Severson part 1,study
Visual Studio Code How To Install Extensions  VSCode Extensions Tutorial  Installing Extensions,study
Cardio Confessions 123My Current Diet Experiment Judo and Weight Training and GAINING MASS,study
Kai Greene Marc Lobliner Back Overtraining FULL UNCUT RAW  Tiger Fitness,study
99            111,non-study
School Lunches and Snacks,study
QUICK TWIST HAIR BRAID Review  Demo TESTED,study
Marc Lobliners Daily PreCardio and PreWorkout Supplementation along with SICK SHOULDER SLAMMIN,non-study
The greatest thief killer rapist is the European Scene from Whited Out 2,study
22 Weeks Out BIG SHREDDED BACK Training  Tiger Fitness,study
BLACK JOGGERS MODDED OUTFIT TUTORIAL USING CLOTHING GLITCHESGTA V ONLINE 143 MODDED OUTFIT,study
Optimal Training FrequencyIn The Trenches with Science Guru David Sandler  Tiger Fitness,study
Mirella Cesa La corriente en Tu Casa Tv,non-study
Training Upper Body Only Due To Disability  Tiger Fitness,study
Dead By Daylight  Feeling Really Bad For These Poor Killers  Learning To Survive,study
Dirty Dozen Cool Jazz Licks Lesson Demo,study
Funniest Pilipinas Got Talent Contestants Of All Time,study
Leg Day PUKEFEST with Two Subscribers  Tiger Fitness,non-study
Back Training June 30 2015  Marc Lobliner and Alyssa Polisano in Cedar Rapids IA  Tiger Fitness,study
Is Diet or Training More Important  Tiger Fitness,study
MAGIX Music Maker 15 franais  Tutorial Part 2,study
My Motivation to Keep Training and Dieting HARDCORE  Tiger Fitness,study
Would Bodybuilding Have Survived Without Steroids  Tiger Fitness,non-study
Charlie Charlie Challenge ,non-study
Change content with PHP when users are logged in  PHP tutorial,study
200lb Dumbbell Row Back Training with Steve Shaw  Tiger Fitness,study
Ask The MachineTigerFitnesscomMachine Training Solutions Dairy for bodybuilders  Tiger Fitness,study
Aries 15th31st July 2018  Show them all What your made of Aries ,non-study
Hark The Herald Angels Sing  Fingerstyle Guitar  Lesson Demo,study
Taurus 15th31st August 2018  Doing Only you Taurus Your passed giving a fk,non-study
Invisible String Trick Tutorial  Card Tricks Revealed,study
Mobile legends new skin  Mobile legends new hero  New event Mobile legends  Zodiac skins ml,non-study
Cardmaking and Papercrafting How Tos Die Cutting Large Detail Dies,non-study
Contest Prep CHEST Depletion Training  Tiger Fitness,study
Lost and Found Card Trick Tutorial  Card Magic Tricks Revealed,study
AQUASCAPE Marooned Altar Records,non-study
MAGIX Photostory Premium VR  Experience virtual reality tutorial INT,study
Primaforce GPLC Review  Detailed GPLC Reviews  Tiger Fitness,non-study
Whole Tone Scale video lesson demo,study
Guide Crossout the Garage 27  TOP 10 market goods,study
23 How to change data in JavaScript arrays  Learn JavaScript frontend programming,study
VPO10 Training  Deadlifts with Katie and Commentary  Tiger Fitness,study
10 BuiltIn Functions In JavaScript  JavaScript Tutorial  Learn JavaScript Programming,study
9 How To Create Arrays In C  C Array Tutorial  C Tutorial For Beginners  C Sharp Tutorial,study
10 Year Old Kami Lobliner 155 x 2 Deadlift and Training Session  Tiger Fitness,study
MAGIX Samplitude Music Studio 2016  Editing tutorial INT,study
Malade  Romeo Elvis cover Lisa Pariente,non-study
Is 3D Touch Useful  Speed Test,study
ARGUS  The Invisible Sun   Altar Records  ,non-study
School Lunch Ideas  Food Prep Style  April 11 2018,study
Tutorial MAGIX Digital DJ DE  Musik mixen fr Einsteiger,study
2013 Focus ST RGB Footwell LED Install,non-study
My Motivation to Keep Training and Dieting HARDCORE  Tiger Fitness,study
BESTie  Halo  Now  Trouble Maker 140902 MBCmusic Idol School,study
25 Different Superglobals in PHP  PHP Tutorial  Learn PHP Programming  PHP for Beginners,study
MAGIX Fotostory 2016 Deluxe  Filmvorlagen Tutorial DE,study
Pro Bodybuilder Leg Training At Golds Gym New Haven With Marc Lobliner  Tiger Fitness,study
Have your Cupcake and Eat it too Pop Up Card Tutorial,study
Tutorial MAGIX Video deluxe 16   gaten  sluiten op de tijdlijn NL,study
The Challenge Of Recording Tutorials For YouTube  New Types Of Content  No More Upload Schedules,study
Ask The MachineTigerFitnesscomMachine Training Solutions  Overtraining Legs  Tiger Fitness,study
Trying Out A Different Format On My Tutorials  Its Like Teaching A Classroom  mmtuts,study
ErgoTest Review  Detailed ErgoGenix ErgoTest Reviews  Tiger Fitness,study
Airborne 042419 Northrop N9M Down Paid Flt Training AF Pilot Shortage,study
New Easy Mehndi Trick With Cap  Latest Dots Mehndi Design  Easy Mehndi Designs For Hand 2019,study
Chest Tip  Use PreExhaust Exercises and Techniques  Tiger Fitness,non-study
New TABS Bible Study Workbook Torah And Beyond Commercial,study
LIVE Terrible Advice with Loki Hates You Feb 13th 2017 May contain adult language and themes,study
FREE Playboi Carti x Tay K Type Beat Blue Strips,non-study
Bodybuilding Training is Overrated,study
EL CHOCKS VISITA LA EXPOSICIN DEL SANTO,non-study
64 How to Create a PHP Gallery Part 2  Database  PHP  Upload Image to Website  PHP Tutorial,study
Simon Says Stamp with American Crafts Thickers Guides,study
Ask The MachineTigerFitnesscomMachine Training Solutions  HCG For Fat Loss  Tiger Fitness,study
Best CoD Triple In HISTORY,non-study
Tutorial MAGIX Movie Edit Pro 15   DV Recording,study
Tremolo Study to Develop Your Picking Chops w Rich Severson,study
VLOG Midnight Thirty  Ep 81,non-study
MAGIX Audio Cleaning Lab INT  Music Software,non-study
MIDDLE SCHOOL The Worst Years of My Life  Official Movie Trailer HD,study
iOS 1213 Speed Test,study
Yippee for Yana Feature Shading Solid Stamp Images with Ink Pads,non-study
MAGIX Video Pro X  360 degree editing tutorial INT,study
Video deluxe 2016  Multicam Modus Tutorial DE,study
Chilango Show  Entremcete,non-study
The Darwin Project        1,study
Visual Studio Code How To Install Extensions  VSCode Extensions Tutorial  Installing Extensions,study
Entrevista con Diana Reyes,non-study
Guinness World Record  Most dominoes toppled in a spiral,non-study
Learn How to Make the Best Homemade Pizza with Gennaro Contaldo  Citalia,study
Avoiding Burnout with IFBB Pro Cory Mathews  Tiger Fitness,study
Upcoming Sabbath Broadcast for 2272016,non-study
NIGHT AND DAY ARPEGGIO STUDY 2,study
600 Rep Arm Training on Vacation in The Wisconsin Dells with Subscriber Travis  Tiger Fitness,study
Tutorial MAGIX Video deluxe 16  Scenes detecteren NL,study
Examining VACCINE Ingredients Part I   ALUMINUM,study
Mindblowing trick to apply latest beautiful mehndi  Arabic mehndi design Valentines Day Mehndi,study
Hot Dogs de Lucha Troc,non-study
KYMCO DownTown 350i 2019,non-study
Heavy Leg Training with IFPA Pro Chadwick Austin  Tiger Fitness,study
2 RED JOGGERS MODDED OUTFIT TUTORIAL USING CLOTHING GLITCHESGTA V ONLINE 143 MODDED OUTFIT,study
GuideCrossout the Garage 50 YEAR IN OBT REVIEW final episode,study
Our Sisters Testimony Deliverance Protection Revised,study
Afrikanas ft Puto Portugus   Esse som,non-study
Fruit and Muscle Glycogen with Thomas Lobliner  Tiger Fitness,non-study
LANDSCAPE PHOTOGRAPHY In Silver City And A CHANNEL UPDATE That I Did Not See Coming,non-study
Kai Green Discusses if He Loves Training as Much as When He First Started  Tiger Fitness,study
When and How Card Trick Tutorial  Card Tricks Revealed,study
Big Back for an Even BIGGER New Year  Back Training with the PRObliners  Tiger Fitness,study
Back Training with The Probliners  Tiger Fitness,study
Gamers Reactions to the Ending The Residence  Little Nightmares  The Residence DLC,non-study
Gemini 16th22nd July 2019  Heads a fking mess gems Stay woke this week Love Pain,non-study
MAGIX Movie Edit Pro 2016  Import tutorial INT,study
TellyMate EtchASketch,non-study
For Honor  The Pokebringer Welcomes You To Poke City EXTRA Scummy Lawbringer Gameplay,non-study
Devotion 1,non-study
American Assassin  MENTOR  TV 30  In Theaters September 15,non-study
1 How to Get Started With  jQuery Tutorial  Learn jQuery  jQuery Tutorial For Beginners,study
Tutorial MAGIX Xtreme Foto  Grafik Designer 2 Part 23  Fotobearbeitung und mehr ,study
BIG Leg Training Pregnancy and Prep Update  Tiger Fitness,study
 Dead by Daylight           ,non-study
MAGIX Vido Nomade 3 Tutorial franais,study
Blue DeathFeigning Beetle Breeding Project Phase 2,study
The Darwin Project      ,study
LIVE Terrible Advice with Loki Hates You Jan 26th 2017 May contain adult language and themes,study
Bible Lesson The Unchallenged Walk Yah has a test for you Spiritual food,study
Alyssa Polisanos Figure Contest Recap  Tiger Fitness,study
Spaicy Cosplay  Animation  Making Of   Espaol,non-study
29 How To Change Elements Using JavaScript  Document Object Model Tutorial  JavaScript Tutorial,study
Ask The MachineTigerFitnesscomMachine Training Solutions  AX Supersize and Ultra Reps Stack,study
Roundabout Rag Guitar Lesson demo,study
Pisces 1st15th September 2018  Pisces you have to face this world  its harsh realities Lessons,study
COOLEST PROJECTS in California,study
Video deluxe 2016  Keyframes Tutorial DE,study
6 How To Create Classes And Objects In C  C Tutorial For Beginners  C Sharp Tutorial,study
Tutorial MAGIX Digital Foto Maker 8 Part 23,study
BattleFrog OCR Epic Fail and What We Can Learn From It  Tiger Fitness,study
Paty Cant  Rompo Contigo,non-study
Potro bailando SEXY,non-study
28 Open and close navigation in JavaScript  Learn JavaScript frontend programming,study
PHILIPPINES TASTE TEST  AMERICANS TRY BALUT Reaction,study
CHECHE KONNEN  1,non-study
Floral Copic Colored Valentine,non-study
Examining your walk in the Most High,study
8 Week Out STRONG Chest Training With Vann  Tiger Fitness,study
Metabolic Damage  Do You Have a Damaged Metabolism  Tiger Fitness,non-study
NFL Player Larry Johnson TestimonyWatchman Reports  TCA instrumental is his awakening,study
The 2018 Suzuki lets 50cc scooter  tall rider 190cm 62ft,non-study
Misinformed  Mortal Kombat,non-study
History of Jazz Guitar part 1 with Mike Dana  Rich Severson Guitar College,study
Reykon El lder cosechando xitos,non-study
I Design A Webpage In Less Than 1 Hour  Web Design Challenge  Web Design Guide  mmtuts,study
19 How to Create A Cases Page Using HTML and CSS   Learn HTML and CSS  HTML Tutorial,study
Easy Mehndi Trick from number 102030  Latest Mehndi Design trick 2019      ,study
Entrevista con Mikel Erentxun Parte 3,non-study
Recomendaciones de Libros Me gusta leer,non-study
Dead by Daylight  990    ,non-study
INSANE Back Training With Purus Labs at Destination Dallas  Kate One Arm Rows 120lbs,study
Photography Tutorial How to Get BEAUTIFUL Bokeh and Blurred Out Backgrounds,study
I Tore My Knee  How I Made My Millions Part 2  College and Weider  Tiger Fitness,study
Tutorial Fotos auf CD  DVD 10 deluxe  Eine eigene Diashow erstellen DE,study
Im So Alpha PreAlpha Review and Training Footage  IX3 By Mike Rashid  Tiger Fitness,study
MAGIX Video deluxe 2013 Premium DE  Das Videoschnittprogramm,non-study
REAL Blood and Guts Back Training With Big J  TigerFitness Style  Tiger Fitness,study
Back and Shoulder Superset Training  Big Whit Josh Marc Lobliner  Tiger Fitness,study
Boost TestosteroneIForce Intimidate 10 Off And NJ Trip Update  Tiger Fitness,study
Testing Interesting Back to School Supplies FROM WISH,study
MAGIX Video Pro X7  Introductory video tutorial INT,study
ONE DAY OUT PEAKED Delt and Arm Occlusion Training  Tiger Fitness,study
SYM WOLF 300cc cafe racer  maneuverability test,study
Miseducation of the negro through religion  Qodesh Events Shabbat Service,study
MAGIX Foto su CD  DVD 8 italiano,non-study
Laura Bassen Summer School Ombre inking with Die Cuts,study
Opinion on Fasted Cardio and Fasted Training  Tiger Fitness,study
Should Women Train Like Men  Tiger Fitness,non-study
Trying To PrePoo Dry Natural Hair Ft Oyin Handmade Honey Hemp,non-study
Aldi Big Lots Winn Dixie and Publix Haul,non-study
Seven Psychopaths  Last Night Clip,non-study
Ask the Machine  When to Take Deload and Off Weeks From Training  Tiger Fitness,study
Jos Saturnino Cardozo fuera del Chivas,non-study
Guide Crossout the Garage 39 THE 1ST OF APRIL BRAWL questions  answers,study
Chest Training with Street Warrior Kyle Baker with Commentary  Tiger Fitness,study
Bahasa Malaysia Language 2017 Kia Grand Carnival 22 CRDI Pandu Uji di Evo Malaysia,study
Periodization Training  Cycling Between Heavy Sets and High Reps  Tiger Fitness,study
New Mehndi Trick from Letter  Latest Mehndi Design 2019        ,study
The Right Stuff for Learning Jazz Guitar Session 2 Demo with Rich Severson,study
Latest Flower  Floral Mehndi Design  Easy Shaded Mehndi Design  Flower Mehndi,study
SOUND FORGE Audio Studio 12  Digitize vinyl and restore recordings Tutorial,study
Kwentong Jollibee Mothers Day 2019 Schoolboy Reaction,study
My Favorite Portrait Lighting Accessory Westcott Rapid Box Octa Kit Review,non-study
Top latest Simple and Beautyfull Mehndi Design Diwali Mehndi designsHenna mehndi designs for hands,study
Cardio Confessions 15ROID RAGE MLM Scams My Enegy Secret  Tiger Fitness,non-study
38 Insert data from a website into a database using MySQLi  PHP tutorial  Learn PHP programming,study
Test drive YAMAHA TMAX travelmoto style,study
Video deluxe 2016  Anzeige Modi Tutorial DE,study
The Time Machine Tutorial  Card Tricks Revealed,study
Cardio Confessions 16Best Training Split Minors Intermittent Fasting Myostatin John Hollywood,study
Simon Says Stamp May 2015 Card Kit Reveal  Inspiration with Shari Carroll,non-study
Urband 5   Si tengo tu amor,non-study
Injustice Gods Among Us  EVIL JUSTICE LEAGUE PS4 Ultimate Edition  Full Walkthrough  Ending,non-study
23 How to change data in JavaScript arrays  Learn JavaScript frontend programming,study
VPO10 Training  Deadlifts with Katie  Tiger Fitness,study
2019 MercedesBenz C200 Facelift Walk around Review,non-study
The Witcher  Official Combat Trailer,non-study
Hombre intenta suicidarse en la Catedral Metropolitana,non-study
Blacc Ice feat Question,non-study
Adventures In Photography Ep 01 Mic testing and Birds of Boston Hill,study
DIY Craft Table,non-study
Dont Get Around Much Anymore Jazz Guitar w Rich Severson,non-study
Preventing Homelessness  More Muscle Less Mouth Project 1 with RobDidIt and Rich Homie Sean,study
Dymatize Elite 100 Whey Protein Lab Test Results Tiger Tested and Machine Muscle Approved,study
4 How to create a sequence  Adobe Premiere Pro tutorial,study
MAGIX Music Maker 2016  Audio Remote Tutorial DE,study
For Honor  The Complete Peacekeeper Rework Basic To Advanced GuideTutorial Make Them Bleed,study
What if the script was flipped against Racist Scene from Whited Out 2,non-study
9 Different Types of Operators in JavaScript  JavaScript Tutorial  Learn JavaScript  mmtuts,study
Josie Lesson Demowmv,study
OSMO Pocket vs SONY action  motorcycle chest mount,non-study
For everyone  Free sessions Private Readings LATEST ,study
Easy Great Card Trick TUTORIAL  Card Tricks Revealed,study
Ask the Machine  Deer Antler Velvet and The Ray Lewis Doping Scandal  Tiger Fitness,non-study
CHECHE KONNEN  20 FULL EPISODE,non-study
Video Pro X  Optimize performance Tutorial 2019,study
Ask The MachineTigerFitnesscomMachine Training Solutions  Carb Cycle and Not Losing Fat,study
New Easy Mehndi Trick With number 2019  2019 Mehndi  trick  Latest Beautiful Mehndi trick,study
Watercoloring Stamped Images  Canvases with Distress Crayons,non-study
Ask The MachineTigerFitnesscomMachine Training Solutions Lagging Lat  Tiger Fitness,study
ErronBlet TOP64 Winners stosn Jacqui  I Am Axy SubZero,non-study
Video deluxe 2016  Nachvertonung Tutorial DE,study
Ask The MachineTigerFitnesscomMachine Training Solutions  Dealing with Shoulder Issues,study
The Centurion Guide Is Coming,study
STOP THAT BLUES  BLUES SHUFFLE HEAD,non-study
Core4 Training Day 4  Deadlift Focus  Tiger Fitness,study
Calistenia con Rik Barroso y el escuadrn ejerctate,non-study
Minor BluesJazz Lesson Demo Kickin Back,study
Video deluxe 2016  Reiseroutenanimationen Tutorial DE,study
Delt Training with ANBF President Kent Bierly at Uprising  Tiger Fitness,study
Ivonne Montero preocupada por su estado de salud,non-study
Josie Lesson Demowmv,study
Tutorial MAGIX Video deluxe 16  Multicam Editing NL,study
PreWorkout Stack For Tonights Hamstring Training and Travel Supplements  Tiger Fitness,study
Perpetrator Firearms Training  Tiger Fitness,study
Marc Lobliner Posing Practice For His Mens Physique Debut  Tiger Fitness,study
Top 5 Apps For School,study
The Prep Has BEGUN Announcing My NEW Prep Coach and the Plan  Tiger Fitness,non-study
Tutorial MAGIX 3D Maker Part 13  berschriften und Titel in 3D,study
ALFONSO LEON EN TU CASA TV  CMO ACTIVAR LA PROSPERIDAD EN EL AO DEL PERRO,non-study
Video deluxe 2016  Export Tutorial DE,study
MAGIX Movie Edit Pro 2016 Export tutorial INT,study
MAGIX Movie Edit Pro 2016  Movie templates tutorial INT,study
Instinctive vs Programmed Training  Tiger Fitness,study
99          111      ,non-study
Stretching Before Training  Tiger Fitness,study
Itat Cantoral le dice Maldita liseada a Frida Sofa,non-study
TNT Boys  This Is Me NET25 Letters And Music Reaction,non-study
Examining VACCINE Ingredients Part III   FORMALDEHYDE,study
29 How to Create a MySQL Database for PHP  PHP Tutorial  Learn PHP Programming  PHP Lesson,study
Aces and Joker Card Trick Tutorial  Card Tricks Revealed,study
GREAT IS THY FAITHFULNESS fingerstyle arrangement lesson demo,study
How To Clean Up Skin In Photoshop  How To Remove Acne In Photoshop  Photoshop Tutorial  mmtuts,study
Raquel Bigorra recibe gran sorpresa,non-study
110 Marksmanship Hunter BG PVP Gameplay Legion Shhhh Click BOOOM World Of Warcraft,non-study
Violencia en nios sube durante gobierno de AMLO,non-study
Real Prediction Tutorial  Card Tricks Revealed,study
10 How to Import New Fonts  Basics of CSS  Learn HTML and CSS  HTML Tutorial,study
Dead by Daylight  3800     ,non-study
Machine QA 20  Genetic Testing Fasted Cardio BHB Salts Future of this Channel  Tiger Fitness,study
HUGE ARM TRAINING Last Session in NC with Vann and Clay  Tiger Fitness,study
Whats in my Tech Bag  2018 Day Bag,non-study
School Lunches and snacks,study
Marc Lobliner Trains Back At Iron Beast With Guest Training Partner Nick During THE EPIC BULK,study
Genickus  Benjamin    240519,non-study
MAGIX Music Maker 2016 Premium  Introductory video tutorial INT,study
Im So Alpha PreAlpha Review and Training Footage  IX3 By Mike Rashid  Tiger Fitness,study
Las aventuras de Lobster y Shuber el hermano no canon xD,non-study
PES 2019 Speed Test  Fastest Players in PES 2019  Ft Bale Aubameyang Neymar Mbappe,study
Pisces 15th 31st July 2019  Tests to see if you have learned you lesson Pisces  RealLoveisnear,study
SYM WOLF 300cc cafe racer  maneuverability test,study
Sophie Reacts The Walking Dead Season 10 Trailer,non-study
ISU Lecture Part 3  What I Recommend For YOU  Tiger Fitness,study
FOR HONOR  Orochi Basic To Advanced Class Guide Everything You Need To Know To Be Pro,study
NFS Underground   Benjamin  3,non-study
REmIx 2020BrEaK MuSicClUB ThAiBeK SLoy BY Mrr Rayuth,non-study
6,non-study
Contracting Your Butt And Abs While Training  Tiger Fitness,study
Using Instinctive Training For EPIC GAINS  Tiger Fitness,study
Cancer Tarot Reading January 2016,non-study
Blue DeathFeigning Beetle Breeding Project Phase 2,study
MAGIX Movie Edit Pro 2016  Keyframes tutorial INT,study
For Honor  The Complete Orochi Rework Basic To Advanced GuideTutorial Become A Pro Rochi,study
National Corvette Museum in Bowling Green Kentucky  Sinkholes  Plant Tours,non-study
SYM Umi 115cc scooter 2018,non-study
 Karwa Chauth Special      Mehndi Design Gol Tikki Mandala for Bridal hands,non-study
Differences between Conservatives  Liberals,non-study
 S P A I C Y Contest of the most handsome  Concurso del ms Galn,study
Ask The MachineTigerFitnesscomMachine Training Solutions  Barthel Test Complex  Tiger Fitness,study
Pisces 1st 15th January 2019  Happy New Year Pisces ,non-study
2016 Jeep Wrangler Unlimited Full Test Drive Review In Malaysia,study
Reading EPIC TROLL Comments w Derek Ciocca  Tiger Fitness,non-study
ASMR Japanese Candy  Products not satisfying in the slightest but trying my best,study
POSING PRACTICE 5 Days Out Post Intense Shoulder and Arm Depletion Workout  Tiger Fitness,study
The SCHOOL To PRlSON  PipeIine Starts With DlET,study
33 What Are JavaScript Events  JavaScript Events  JavaScript Tutorial  mmtuts,study
Win A BodyBuilders Dream Trip To the 2012 Olympia  Tiger Fitness,non-study
Lost on you by LP  cover Lisa Pariente ,non-study
24 Forms In HTML and CSS  How To Create A Form  Learn HTML and CSS  HTML Tutorial  CSS Tutorial,study
Guide Crossout The Garage 19 NEW MAP  Ex Machina style build scrap on the market,study
  by V KHMERSUB,non-study
WWE 2K18  Roderick Strong vs No Way Jose  WWE United Kingdom Championship Match NXT,non-study
Ambrosia Overtraining Solution Has Arrived with TWO IndustryExclusive Ingredients  Tiger Fitness,study
Ask The MachineTigerFitnesscomMachine Training Solutions  Carb Cycle and Not Losing Fat,study
Gamers Reactions to the Defeat of Jack Baker Boss  Resident Evil 7 Biohazard,non-study
190725 Mnet KCON 2019 NY  THE BOYZ  Bad Guy,non-study
Tokyo Tekken Masters Highlights,non-study
Cancer Tarot Scope Reading August 2016 Singles  Couples  Holiday Bliss,non-study
Golden Rule of Parenting  Choice Theory  Tiger Fitness,non-study
Connecting the Blues Scale shapes lesson demo,study
Gamers Reactions to the Scene Skin and Bones  The Evil Within 2,non-study
Tutorial Flash Luces y Sombras  14,study
Satan is Yahs Devil created for a purpose,non-study
Video Pro X  Stereo3D Tutorial 2019,study
Bob Reynolds group LIVE at the Baked Potato,non-study
Masturbating and Testosterone and MAKING GAINZ  Tiger Fitness,study
Smiles  Smiles To Go lesson demo,study
Trumpet Snails Friend or Foe A Quick Guide,study
Mortal Kombat 11 Strategy Guide Part 3 Cetrion,study
WatchOS 53  Released,non-study
NERDBOT GAMING Promo  Nerdbot Media Company,non-study
West End Live 2009  Sylvia Young Theatre School Part1  With Nathan Sykes,study
How to Make a Healthy IHOP Chicken Fajita Omelet PRObliner Style  Tiger Fitness,non-study
Chinese Language  2017 BMW 530i M Sport  Evo Malaysia,study
Ask The MachineTigerFitnesscomMachine Training Solutions Lagging Lat  Tiger Fitness,study
Amore LauraFadora So Very Grateful for Mom,non-study
Dead by Daylight  760      140   360  ,non-study
Create news on website with HTML  Learn HTML frontend programming,study
ZONTES R310 naked motorcycle test drive and lots of acceleration,study
What to do When Your Supplements Arent Working  Tiger Fitness,non-study
Machine QA 12  Overtraining Rep Ranges Bloodwork Reverse Dieting  Tiger Fitness,study
Scorpio Tarot Reading May 2015 Time to make a decision,non-study
12 Create a form using Bootstrap 3  Learn Bootstrap 3 frontend programming,study
Core4 Training Day 3  Standing Overhead Press Focus  Tiger Fitness,study
Very Pretty Mehndi Design for Hands  Mindblowing trick to apply latest Jewellery beautiful mehndi,study
Yuri  1 2 Step feat  Amber The 1st Asia Tour Into the New World,non-study
21 What Are Objects in JavaScript  How to Create an Object in JavaScript  JavaScript Tutorial,study
Bebop Blues Comping in F Lesson Demo,study
MAGIX Video deluxe 2015 IT  Montaggio Video,non-study
Homemade Apple Pie Protein Bake with Kara Corey  Tiger Fitness,non-study
fingers crossed  billie eilish,non-study
Obesidad Infantil con Clementina Rodrguez,non-study
test drive Honda Forza 300,study
Soda Eterno se presenta en el Pepsi Center del WTC,non-study
Ser polica en Mxico NO es nada fcil,non-study
Weekly School Lunch Ideas  January 20 2018,study
Buying The Most Expensive Item On WISH,non-study
MAGIX Video deluxe  Ihr neues Filmabenteuer,non-study
Girl From Ipanema improv and soloing lesson demo,study
Just Cause 4  Part 1  CHAOS BEGINS PS4 Walkthrough,non-study
Yall Want A Scientifically Proven Test Booster MuscleTech AlphaTest 10 Off With Bad Family Humor,study
11 First exercise in OOP PHP  OOP PHP Exercise  Object Oriented PHP Tutorial  PHP Tutorial,study
Dart Frog Custom Vivarium Background Build,non-study
Los Miserables Mxico con Agustin Arguello,non-study
Faux Devacut with a Flat Twistout on Short Natural Hair,non-study
Mortal Kombat 11 Stress Test Genickus vs Abood85,study
11 First exercise in OOP PHP  OOP PHP Exercise  Object Oriented PHP Tutorial  PHP Tutorial,study
   Jewellery    Jewellery Mehndi Design for Beginners using Bottle Cap,non-study
The DUFF  Final Assignment  HD,study
Mordhau  LEARN To Wear Helmets People,study
MAGIX Video easy HD Version 5  Introductory video tutorial INT,study
Renogy Solar Suitcase 100 Watt 12 Volt Foldable Solar Suitcase,non-study
American Crafts Circle Thickers Alignment Guide,study
Dead by Daylight  1700    4    ,non-study
For Honor  Random Ranked Mode RewardsEnough Is Enough,non-study
Ask The MachineTigerFitnesscomMachine Training Solutions  Grip Strength  Tiger Fitness,study
an unhelpful guide to blackpink 2019 version reaction,study
School  Lunches and Snacks,study
Cantonese Language   2017 BMW X5 xDrive40e  Evo Malaysia,study
To the Moon  Back Splatter Technique,non-study
Back Training June 10 2015  Ironclad Gym with My Neighbor Charlie  Tiger Fitness,study
Crossout Show My walking chop shop,non-study
Leo 1st15th August 2017  You have to do the right thing Leo ,non-study
MonsterKidss consinti a las mams de Tu Casa Tv,non-study
Operation Dad Bod  Ep 1  Saving Seth  Chest Workout PLUS Diet and Training Plan,study
Aquarius Love Reading valentines February 2016,non-study
The Training Style You Have Never Tried Before by Charles Dixon  Tiger Fitness,study
12 How to Create Links in HTML  Basics of CSS  Learn HTML and CSS  HTML Tutorial,study
Leo 15th30th September 2017  Check yourself before you wreck yourself Leo ,non-study
TAKING MY SENIOR PORTRAITS  Back To School 2018 ,study
VPO10 Training  Legs with ITrainwithLionTV  Tiger Fitness,study
Te irritas fcilmente puede ser depresin,non-study
10 BuiltIn Functions In JavaScript  JavaScript Tutorial  Learn JavaScript Programming,study
Cardenales de Nuevo Len Parte de mi historia,non-study
MAGIX Fastcut DE  Actioncam Software,non-study
Free 4th of July Shirt and Outright Bars,non-study
4x Mr Olympia Phil Heath and Pro Bodybuilder Marc Lobliner CHEST TRAINING RAW AND UNEDITED,study
GRATIS MAGIX Guitar Backing Maker DE,non-study
Answering ALL Issues With Tiger Tested Lab Testing  Tiger Fitness,study
Back Training with Katie  Family Gains Ep 7  Tiger Fitness,study
HOW TO EASILY CONNECT A CONTROLLER TO THE PC  Better DS3 Tutorial,study
The To Do List  Story In Theaters July 26th,non-study
Double Stamping with New Hero Arts,non-study
Libra 1st15th January 2019 Happy New Year Libra ,non-study
CONTEST CLOSED  MAGIX XMAS Contest 2011 INT,study
This Is The Most Affordable Hybrid System In The World That Carmakers Can Retrofit Easily,non-study
1 UPDATED 2018 COURSE IN DESC JavaScript Tutorial for Beginners  JavaScript Tutorial,study
MUST LEARN Sony A7Sii Trick Shoot 4K in Super 35 Mode,study
CHEST BLAST The Machine Shows Joe From MuscleandStrengthcom DorianStyle Training  Tiger Fitness,study
Fighting News    25  2018 Comic Con    Street Fighter,non-study
The BotCast Episode 11  Rogue One Jared Kotoff Bernie Bregman Live at the Spinema Launch Party,non-study
Paragon GameplayMistakes where made,non-study
VIRUS DEL PAPILOMA HUMANO I DR PABLO CHERNICOFF I TU CASA TV I,non-study
Contest Prep Complete Day of Meals 500p 500c 60f  Tiger Fitness,study
Tutorial MAGIX Digital Foto Maker 8 Part 23,study
The Truth About Protein And Supplement Lab Tests  Tiger Fitness,study
Core4 Training Day 2  Squat Focus  Tiger Fitness,study
Marc Lobliners Return to Powerlifting  Relearning The Deadlift with Dr Stu  Tiger Fitness,study
420 Rep Back Birthday Session with The PRObliners  Tiger Fitness,non-study
FREE Lud Foe Type Beat No Names,non-study
Great Illusion Card Trick Tutorial  Card Tricks Revealed,study
   MINECRAFT  ,non-study
10 String Operator in JavaScript Explained  JavaScript Tutorial  Learn JavaScript  mmtuts,study
Should Doping in Sports be Banned  Tiger Fitness,non-study
29 How to Create a MySQL Database for PHP  PHP Tutorial  Learn PHP Programming  PHP Lesson,study
Swing Guitar Lesson Demowmv,study
Create a header in HTML  Learn HTML frontend programming,study
Ask The MachineTigerFitnesscomMachine Training Solutions Over Working With Cardio,study
Changing My Stance on Carbs Around Training  Tiger Fitness,study
Bahasa Malaysia Language 2017 Peugeot 208 Pure Tech 12 Turbo Pandu Uji di Evo Malaysia,study
Tutorial MAGIX 3D Maker Part 13  berschriften und Titel in 3D,study
Ask The MachineTigerFitnesscomMachine Training Solutions  Carb Cycle and Not Losing Fat,study
Ask The MachineTigerFitnesscomMachine Training Solutions  Carbs PWO Counterproductive,study
Dead by Daylight  3800     ,non-study
Triple  Quad Feed Fail  FaZe ShiFT,non-study
Justin Caruso  Talk About Me ft Victoria Zaro Leowi Remix,non-study
Custom made cruise motorcycles,non-study
Durian Growth       Heng Heng,non-study
TigerFitnesscom Deal Of The Day June 4 2012AI Sports Nutrition TestoPro  Tiger Fitness,study
2 REAL Nightclub Bouncer Fight Stories Reavyne Tales EP 1,non-study
Pursuit Rx 100 Whey Lab Test Results  Tiger Tested  Tiger Fitness,study
When Your Lover Has Gone  Real Sax Daily 46,non-study
DEAN  ART GALLERY  Clip,non-study
Olympia Speaking Schedule and Update and BioGro Fact 2  Tiger Fitness,non-study
FRAPS 2014 REVIEW  TUTORIAL V3599,study
Reverse Flash Origins Trailer  Episode 5,non-study
Muscle Confusion Confuses Me  Tiger Fitness,non-study
How to Put Low Power Mode on iPhone  Ultra LOW iOS 12,non-study
 Dead by Daylight     D,non-study
Filming birds with the Canon 70D,non-study
 Dead by Daylight         2000,non-study
Amore Laura Fadora Love Joy and Peace on Earth,non-study
Navratri Festival special Floral     EidRakhi Karwa Chauth Mehndi Designs,non-study
3 Weeks Out SHREDDED SICK NASTY BACK Training  Tiger Fitness,study
Top Tips For Perfect Cannonball Delts  Just The Tips  Tiger Fitness,non-study
Ask The MachineTigerFitnesscomMachine Training Solutions Dymatize Protein  Tiger Fitness,study
7 Common Datatypes In JavaScript  JavaScript Tutorial  Learn JavaScript Programming,study
Do I Need a Diet Break Before Contest Prep  Tiger Fitness,study
4 Help Yourself When Writing C  VS Object Browser  C Tutorial For Beginners  C Sharp Tutorial,study
4 How to create a sequence  Adobe Premiere Pro tutorial,study
Engine cooling Fan  for Dirt Bike with only  8,non-study
Lesson about HTML tags  Learn HTML frontend programming,study
Seven Psychopaths  Colin Farrell impersonates Tom Waits,non-study
4,non-study
Dead by Daylight  4100     ,non-study
Christmas Time Is Here  Fingerstyle Guitar  Improved Lesson Video,study
DePRESSing Shoulder Workout with Derek Ciocca  Machine Muscle Ep 5  Tiger Fitness,non-study
Cocina Spaghetti de  cuaresma I Receta del Chef Parranda,non-study
MY NEIGHBORS GAVE ME A SPANISH LESSON,study
 Dead by Daylight   ,non-study
Affliction Warlock Legion PvP MasterClass The Sneaky Warlock World Of Warcraft,non-study
Are YOU Training Too Long and Training Like a PUSSY  Tiger Fitness,study
Periodization Training  Cycling Between Heavy Sets and High Reps  Tiger Fitness,study
Faith In the Storm Nautical Rainbow Watercoloring,non-study
El Potro hace el Bottle cap challenge,non-study
Marc and Aaron Lobliner Hardcore Back Training with IForce Nutrition  Tiger Fitness,study
MAGIX Films sur DVD 7 Tutorial franais,study
Aquarius  16th22nd September 2019  Your week Ahead ,non-study
How Often Should I Eat  Tiger Fitness,non-study
Christian Nodal presenta Ahora I Entrevista completa,non-study
WORLDS COMFIEST SHOES TESTED  ill be the judge of that,study
How to Do Occlusion Training 101Arms and Calves  Tiger Fitness,study
BACK TO SCHOOL SUPPLIES FROM WISHCOM,study
Ask The MachineTigerFitnesscomMachine Training Solutions  Gaining Size Correctly  Tiger Fitness,study
Hilarious Guest Posing and The ANBF IS TAKING OVER  Tiger Fitness,non-study
HiTech electric motorcycle Made in Taiwan ottobike 2019,non-study
Easy False Over Hand Shuffle Tutorial  Card Tricks Revealed,study
3 Create Classes In OOP PHP  PHP Classes  Object Oriented PHP Tutorial For Beginners  mmtuts,study
GET A MASSIVE BACK NOW Back Training with 360Cut  Tiger Fitness,study
Wiedmin Versus  Rebelia,non-study
2018 Porsche Panamera 4 Sport Turismo Full Review  EvoMalaysiacom,non-study
Cardio Confessions 62The TRUTH About Supplement Expiration Dates  Tiger Fitness,non-study
    MK11 RicardoGeras TOP12,non-study
2556,non-study
Airpower Leak,non-study
How to Read Minds Card Trick Demo  Card Tricks Revealed,non-study
21 JavaScript how to create arrays  Learn JavaScript frontend programming,study
THE DUFF  INTERNET MARSHALL LAW  HD,non-study
SYM WOLF 300cc cafe racer  maneuverability test,study
Whoops One die three cards,non-study
Loki Hates You Gives Advice LIVE May contain adult language and themes,study
Cardio Confessions 46GUEST POSING TIME Training with Doug Miller and LEPTIN  Tiger Fitness,study
Events in IL IN NY and OPEN GYM IN OHIO  Tiger Fitness,non-study
School Lunch Ideas,study
Ask The MachineTigerFitnesscomMachine Training Solutions Dymatize Recoupe vs Scivation Xtend,study
Video deluxe 2016  Effektmasken Tutorial DE,study
Marc Lobliner 29 Weeks Out Posing Practice at 248lbs Prep By John Otis Hollywood  Tiger Fitness,study
Political Compass Tests Are Nonsense,study
DJ ZEN  TIMELESS Festival 2019,non-study
BESTie  Single Bed 150508 arirang Simply Kpop,non-study
STEPHANIE MILLS  YOURE PUTTING A RUSH ON ME Live 80s,non-study
PAULINA ABASCAL I PASTEL SIN GLUTEN I COCINA I TU CASA TV,non-study
    Jewellery    Mandala Gol Tikki Easy Jewellery Mehndi Design,non-study
BRO MEALS With The MachineMetRx High Protein Pancakes  Tiger Fitness,non-study
Ask The MachineTigerFitnesscomMachine Training Solutions Anavar  Tiger Fitness,study
South Africa Opens First School of Witchcraft,study
Reverse Pyramid Training Safety  Tiger Fitness,study
FREE JayDaYoungan Type Beat Heart Gone,non-study
VPO10 Training  Squats and Deadlifts in California with Rich Homie Sean  Tiger Fitness,study
How To Do Local Adjustments In Adobe Camera RAW,non-study
What Are You Doing New Years Eve Jazz Guitar  Lesson Demo,study
In My Life Beatles Solo Fingerstyle Guitar Lesson Demo,study
AeroTV Inside AEA 2019  PS Engineerings Peter Campbell,non-study
FOR HONOR  Orochi VS Berserker  Warden 1v1 Gameplay Learning Is Fun,study
Photography Tutorials How to shoot long exposures with no filters,study
Jadiel   Fashion Girl  feat Nely El Arma Secreta  RIP,non-study
HARDCORE Training with Isatori at Armbrust Gym in Colorado  Tiger Fitness,study
VLOG Multikey Cherokee mistakes  Ep 46,non-study
What Do You Read on the Web,non-study
STRAIGHT NO CHASER ON JAZZ GUITAR LESSON DEMO,study
Tutorial MAGIX Fotos auf CD  DVD 8 deluxe Part 22,study
Paper      Karwa Chauth Eid Rakhi How to apply mehndi design with comb,non-study
Lets Play Some Chinese Kirby Ripoff  Flying Rocket Pig,non-study
Dont Take Days off feat Dubb,non-study
Come let me bring you guys to Lamborghini Kuala Lumpurs new showroom  Evomalaysiacom,non-study
Scandalous,non-study
Aquarimax 5000 Subscriber Contest,study
Ask the Machine  Getting Back with a Girl I Broke Up With  Tiger Fitness,non-study
MY JJMALIBU WINNERS ARE,non-study
Highest Single Target Damage Beast Master Hunter TalentBuild Guide Legion World Of Warcraft,study
Why is Marc Lobliner So Amped Up All The Time  Tiger Fitness,non-study
Protein Pumpkin Cookies  Cooking with Kara  Tiger Fitness,non-study
Cellucor CN3 Creatine Nitrate REVIEW with STUDY  Tiger Fitness,study
17 What Is a While Loop in PHP  PHP Tutorial  Learn PHP Programming  PHP for Beginners,study
32 How to create functions in JavaScript  Learn JavaScript frontend programming,study
School Lunches and snacks,study
Lab Test Proves Insurgent Doubles Testosterone In Under 4 Weeks  Tiger Fitness,study
Simon Says Stamp Card Kit Reveal and Inspiration Thanks and Leaves,non-study
In A Mellow Tone level 2 chord melody with Rich Severson,non-study
Cardio Confessions 112People Who Plan Weeklong Binges Post Contest SHOULD NOT Compete,study
Fighting for practice time  VLOG 144,study
A New Yorker Card Trick Tutorial  Card Tricks Revealed,study
11 Get and set DOM using jQuery  jQuery Tutorial  Learn jQuery  jQuery Library,study
All The Things You Are Solo 2 Demo Lessonswmv,study
unboxing SYM ST125cc scooter 2019,non-study
SLEEP WALK Fingerstyle Guitar Arrangement Lesson Demo,study
10 Week Out STRIATED QUADS AND HAMS Training  Tiger Fitness,study
ISU Lecture Part 2  The Layne Norton Example and Cons to Starting a Business  Tiger Fitness,study
PATRIOTS DAY  STRENGTH 15 TV SPOT  This Weekend  Now Playing Everywhere,non-study
Kris Gethin Hired As TigerFitness Employee  Kaged Muscle DTP Training  Tiger Fitness,study
Dorian Yates Beyond Failure Leg Training with Special Guest Frank  Tiger Fitness,study
Tutorial Make a Rock Song with MAGIX Music Maker MX ENG,study
How to Trick Your Math Teacher 10  Tutorial,study
My Favorite Things  Fingerstyle Guitar  Lesson Demo,study
Tutorial MAGIX Xtreme Foto  Grafik Designer 2 Part 33  Fotobearbeitung und mehr ,study
Fiction Factory Feels Like Heaven Remastered,non-study
Ambrosia Overtraining Solution Has Arrived with TWO IndustryExclusive Ingredients  Tiger Fitness,study
       Navratri Karwachauth Mehndi Trick for Beginners Comb,non-study
WIN FREE SUPPLEMENTS Dip Contest Going On NOW  Tiger Fitness,study
DJ Zen  OpenMind 2015  Stone Circle mix,non-study
How to care for yourself in winter with Levoit Humidifier,non-study
Why Being Sore From Training is a Good Thing  Tiger Fitness,study
Tu primera vez con la sexloga Alexa Arcadia,non-study
Summer Samba So Nice Jazz Guitar Simple Solo Lesson Demo,study
Orange Isopods A Quick Guide,study
West Coast Blues Improv Insights Lesson Demo,study
Tutorial Movie Edit Pro 17 Plus  3D editing ENG,study
Guide Crossout The Garage 19 NEW MAP  Ex Machina style build scrap on the market,study
CSGO  Training Smoke on DeCache,study
Previously On The Walking Dead Coral,non-study
HTML how to create a table  Learn HTML frontend programming,study
Dead by Daylight  4200        ,non-study
Post Contest Dinner at Lazy Dog in Cali  Tiger Fitness,study
Dead by Daylight  2400       360,non-study
5 Different Operators In C  C Logical Operators  C Tutorial For Beginners  C Sharp Tutorial,study
Husbandry mans first job Farming Video,non-study
Best Smart Home Tech Ep 1  LIFX Bulbs,non-study
TakeAnywhere High Protein Oat Bars  Tiger Fitness,non-study
Mindblowing trick to apply latest beautiful mehndi  henna designs for hand 1 0 1 Mehndi trick,study
Talk Gear Ep15 A random quick story with the Maybach S560  AMG E63s  Evomalaysiacom,non-study
S e x  Education Perversin taught in schools  Ruled by Psychpaths  Come out of her,study
A Pink  Luv 141122 MBC Music Core Comeback Stage,non-study
Tutorial MAGIX PC Check  Tuning FREE Version 2011  Clean your computer now ENG,study
Cardio Confessions 17Ab Training Young Kids Training Excess SkinGyno Bodybuilding and Money,study
How to Make MTS Nutrition Machine Whey Banana Bread with Kara Corey  Tiger Fitness,non-study
Entrevista a Alex Hoyer,non-study
Biggest Pet Peeve in the Gym  Tiger Fitness,non-study
Cardio Confessions 51Why I Am Doing Occlusion Training and April 13 Indiana EVENTS  Tiger Fitness,study
Shoulder and Arm Training with The PRObliners  Aarons Return  Tiger Fitness,study
Guide Crossout The Garage 4 LONG RANGE BUILDS Powerplant map overview,study
100 Greatest Goalkeeper Saves In Football History,study
2013 Holiday Card Kit Inspired by Tim Holtz,non-study
School Lunch Prep,study
The Feeling Keeps on Coming,non-study
Post Contest Dinner at Lazy Dog in Cali  Tiger Fitness,study
Unboxing the ZONTES 310 Adventure motorcycle 2019,non-study
EXID  Everynight 150508 SBS MTV The Stage Big Pleasure,non-study
54 How to delete files from folder  PHP tutorial,study
6 How to make slide effects in jQuery  Learn jQuery frontend programming,study
100 REP ARM BLAST AND HEAVY ASS ARM TRAINING  Birthday Bash at Club Reps  Tiger Fitness,study
Weekly School Lunch Ideas  February 3  2018,study
Donald Trump sube de peso y baja su populaidad,non-study
KIDS TINY BEDROOM MAKEOVER ON A BUDGET  DIYS WE SURPRISED THEM WITH A NEW BEDROOM IN ONE DAY,non-study
High Volume Heavy Chest Training with Teddy  Tiger Fitness,study
Culturing Springtails A Quick Guide,study
How to Tell if YOUR Protein is Amino Spiked and MASS TESTING OF PROTEIN  Tiger Fitness,study
Schools Glorify Terrorist Organization,study
How to Be Happy 247  Tiger Fitness,non-study
School Lunches breakfast and snacks  9 25 15,study
Marc Lobliner Leg Training Dorian Yates Style Beyond Failure  Tiger Fitness,study
Ask The MachineTigerFitnesscomMachine Training Solutions  Creatine Benefits  Tiger Fitness,study
Cardio Confessions 84Does Overtraining Exist  Tiger Fitness,study
MAGIX Movie Edit Pro 2016  Keyframes tutorial INT,study
Jazz Improv Lesson with Rich Seversonpart 4,study
The Last Exorcism Part II  No Daddy Clip,non-study
30 Break and continue statement in JavaScript  Learn JavaScript frontend programming,study
Best Abs Exercises  Training Frequency QA 3  WIN 50 Certificate  Tiger Fitness,study
Airborne 080919 First G600 Delivery Mars Rover 747 Art Exhibit,non-study
Training Around Shoulder Arthritis  Tiger Fitness,study
Leg Training MUST Be Done Two Times Per Week With Massive Joes and the PRObliners  Tiger Fitness,study
FOR HONOR  Orochi VS Berserker  Warden 1v1 Gameplay Learning Is Fun,study
Dead by Daylight  2500      ,non-study
Offseason Back Training  Tiger Fitness,study
Back Training 6 Weeks Out at Powerstation  Tiger Fitness,study
MAGIX Music Maker 2016 Live  Introductory video tutorial INT,study
Dead by Daylight  1700      ,non-study
Mafia III  Part 2  REVENGE IS COMING Mafia 3 PS4 Walkthrough,non-study
      Paper       EidRakhi Mandala Gol tikki comb,non-study
Japanese Toyota Hiace CamperVan part 2,non-study
MAGIX Music Maker 2016 Live  Einfhrungsvideo Tutorial DE,study
The 2018 SWM Motorcycles,non-study
        Latest Mehndi Design for Karwa Chauth  Beginners Mehndi,study
The 2018 Kawasaki D TRACKER 150 motard,non-study
Latest dotted mehendi trick design tutorial  Best stylish       ,study
Diminished Scales Lesson Demowmv,study
School Lunch Ideas,study
PRANK CALLING CRAZY ASS FANS,non-study
Contest Footage Update and Lifting HEAVY ASS WEIGHT 1 Week Out  Tiger Fitness,study
See YOU in Poughkeepsie NY on March 18FREE STUFF AND DEALS  Tiger Fitness,non-study
BPI Sports FunnBar Protein Candy Review  Tiger Fitness,non-study
2016 Infiniti QX80 Full Road Test Review In Malaysia,study
Cystic Fibrosis Fact 1 and Cellucor COR BCAACURE CF  Tiger Fitness,non-study
Changing My Stance on Carbs Around Training  Tiger Fitness,study
Amazing Money Trick Tutorial  Magic Tricks Revealed,study
New Jewellery Mehndi Design for Hands  Mehndi Trick with Flowers  Latest Mehndi design 2019,study
LG Sciences Trifecta Stack  Can I Add to My Test Booster  Tiger Fitness,study
KINO LIFE  TACORIA,non-study
A lammoniaque  PNL cover Lisa Pariente,non-study
Ask The MachineTigerFitnesscomMachine Training Solutions 14 Year Old Bodybuilder Diet,study
Ask The MachineTigerFitnesscomMachine Training Solutions  AX Supersize and Ultra Reps Stack,study
19 How to Create A Cases Page Using HTML and CSS   Learn HTML and CSS  HTML Tutorial,study
17 What Is a While Loop in PHP  PHP Tutorial  Learn PHP Programming  PHP for Beginners,study
Crossout Tutorials  Part 3  Marketplace System,study
School Lunch Ideas,study
Family Dinner Ideas,non-study
O Holy Night   Fingerstyle Guitar  Lesson Demo,study
Ronnie Coleman Back Training on RXMUSCLECOM and NEW RONNIE PRODUCTS  Tiger Fitness,study
Elite Athlete Seminar at Top Pick to Raise Money for Puerto Rico Relief  Tiger Fitness,non-study
WARNlNG Teachers with a form of godliness but deny the power of the RuachHoly Spirit The Gifts,study
Photography Tutorial How To Read Use And Edit With A Histogram,study
MAGIX Movie Edit Pro 2016 Premium  Introductory video tutorial INT,study
Lo mejor de los 90s en el chismografo con Litzy,non-study
FIRST DAY OF HIGH SCHOOL JUNIOR YEAR CO 19,study
The Backup Plan Behind The Scenes Featurette,non-study
Ferdinand Piech 1937  2019 The greatest automotive industry icon  Evomalaysiacom,study
18 Year Old Football Player And PreWorkout Supplements  Tiger Fitness,non-study
Airborne 070819 tailBeacon TSO Breitling Grounds Jets 300th CJ4,non-study
Training Full Body 3x Per WeekAsk The Machine  Tiger Fitness,study
How to trick Your Math Teacher 3  Math Tricks Revealed,study
School Breakfast Lunches and Snacks 9 12 15,study
4 Help Yourself When Writing C  VS Object Browser  C Tutorial For Beginners  C Sharp Tutorial,study
3 jQuery syntax and differences from JavaScript  Learn jQuery frontend programming,study
40 What are Prepared Statements and how to use them  PHP tutorial  Learn PHP programming,study
Examining your walk in the Most High,study
VASCULAR Leg Training 2 Weeks Out  Tiger Fitness,study
Food Prep Jan 28 2015,non-study
The Endtime has come you better learn how to worship YAH Its getting close,study
Armin van Buuren  Sunny Days Tritonal Remix,non-study
AirborneUnmanned 082019 ROBOpilot First Flight Amazon Petition EHang Test,study
The Machines Carb Choice for Around Training  Tiger Fitness,study
I Tore My Knee  How I Made My Millions Part 2  College and Weider  Tiger Fitness,study
Virgo 14th 21st May 2019 Weekly Readings  Your Week Ahead ,non-study
Auld Lang Syne  Fingerstyle Guitar  Lesson Demo,study
Simple Arabic Mehndi Art Deigns For Hands 2019  New Latest Mehndi Design for New Year 2019,study
